Gene names;N98vsCTL_2;N98vsFG_2;N98vsFG126_2;N98vsPHD5_2;N98vsPHD14_2;N98vsFG231_2
PELP1;7,502100061;1,163455963;0,714670658;0,394107342;0,070879936;0,212839127
MDN1;7,458182518;7,160505295;1,973557472;-0,266003609;-0,52513361;2,129747391
RAE1;7,366761226;-0,416042805;-1,028700352;-0,360196114;-0,087097645;-0,046129227
ADNP;7,312369363;1,443416595;2,724867821;3,167832375;0,922748566;2,549226284
SMARCA5;7,25941917;3,075171947;2,838627815;0,728869915;0,798513412;3,812901497
NUP93;7,249569553;7,421526909;5,333724976;-0,116242409;0,448764324;6,382147312
WDR18;7,019254427;0,502694607;0,017878056;0,563100338;0,292263985;-0,476231098
BPTF;6,8213686;7,656956673;6,344000816;0,68765974;0,676907539;6,548399925
CHERP;6,771711573;2,418809414;2,621703148;0,100678921;0,855969906;4,905724525
SON;6,662057495;5,664227009;2,158925056;0,082024097;0,347977638;4,668995857
ATAD3A;6,417817057;3,952783585;1,96924448;-0,351965427;0,374795437;3,597103596
NUP98;6,336832202;0,930316448;1,06699276;0,533202171;0,390446186;2,13410759
CNOT1;6,246610367;6,43571043;6,8057127;-0,254923344;-0,026520252;5,439942837
FANCI;6,165782517;4,409342766;3,551398754;-0,848309994;0,315783501;3,800065994
RFX1;5,973010576;6,231230736;3,848072052;-0,029650211;-0,108197689;5,434159279
SRRT;5,840333832;0,895037651;1,034890652;-0,750677109;0,10117054;4,93637085
NUP188;5,813574961;7,483440399;6,295145512;-0,286049843;0,175935268;6,556569099
BMI1;5,684393916;3,881070614;3,696477413;0,621490955;0,105173111;3,243601322
MCM4;5,672589521;0,410679817;0,777494431;-0,136064053;0,649512291;3,144752502
RBM14;5,634462483;8,361113548;3,254275322;-0,207173824;-0,357135773;8,142858505
CDC73;5,559972049;1,9540205;0,621957302;-0,441519737;-1,13274622;0,797720432
TEX10;5,487991917;2,217552662;0,784871101;0,165101528;0,331767082;0,533863544
XPO5;5,487187945;7,523750782;7,872398376;0,278375626;0,815971851;7,417187214
TARDBP;5,460503373;3,879263878;4,992769718;0,513053417;0,942871571;4,354245663
HIC2;5,424201578;0,484890461;3,015285969;2,916100979;0,012632847;2,416342258
DKFZp686A11192;5,407292506;3,148740292;1,259905815;-0,480904579;-0,222600937;1,513054848
KDM1A;5,400764381;6,219881058;4,011448383;0,358641148;0,525828838;2,779909134
MYBBP1A;5,357105866;2,573523045;0,973113537;-0,919071674;-0,245420933;3,479166985
QSER1;5,340124116;6,4522686;3,068350315;0,129475117;0,575682163;6,155370712
MCM6;5,269702818;1,389864445;4,258501053;0,323788643;1,545847416;0,863716602
RANBP5;5,214653805;6,19475174;6,262085915;-0,295101643;0,199275017;5,091273785
CYFIP1;5,213988073;4,853304386;4,318374634;-0,524973869;-0,084545135;3,701997757
ZNF326;5,201092825;3,917465687;3,230231762;-0,484344482;-0,147168636;3,804735661
RBM22;5,186309737;3,213704586;3,484442711;3,586503506;3,780533791;3,302066326
U2AF1;5,161847032;0,184366703;1,85021162;0,482998371;0,27486372;1,385069847
ATAD2;5,133870633;5,517827988;5,037970066;1,094176769;1,022642136;4,410662174
SENP3;5,122631192;0,984210968;0,394515991;-0,029247284;0,101753235;0,373662472
SUGP2;4,956699206;4,357256413;3,980176449;-0,367519855;-0,073373795;3,183208942
FAM208A;4,909559982;5,131322384;2,613601685;1,047746658;2,185907841;1,503266811
PRPF6;4,908255382;1,122407913;-0,456166267;0,681694984;0,55602026;0,409066677
RNF2;4,883315222;2,674417496;1,264611721;-0,210340977;0,349462986;2,086365223
AP2B1;4,881884993;4,919275761;5,314620495;-0,354259968;-0,456152916;4,977170467
RBM8;4,876136575;5,212575436;0,18427515;-0,020834923;1,730454445;3,589205742
PTPN13;4,850975441;1,177120209;0,630356312;0,42944479;0,975471497;0,70377636
DCAF7;4,820847886;3,078552723;0,010957241;-0,962672234;0,158024788;3,354492664
IPO7;4,803836206;3,646687508;3,500564575;-0,23532486;0,528848171;3,723435402
BUB3;4,796678933;0,523898125;4,149908543;-0,387597084;-0,125775814;3,403430462
HCFC1;4,788094944;1,783567429;5,272395611;-0,286859989;0,19300127;3,772904873
SRSF10;4,732458495;0,626883984;-0,121043682;-0,048793316;-0,318669319;3,660440445
YTHDF2;4,667197064;4,936838627;4,064533234;-0,286667347;-0,288576603;3,533302307